"strain_id","name","type","rating"
3534,"100-og","hybrid","4"
3535,"1024","sativa","4.4"
3536,"13-dawgs","hybrid","4.2"
3537,"24k-gold","hybrid","4.6"
3538,"3-kings","hybrid","4.4"
3539,"303-og","indica","4.2"
3540,"3d-cbd","sativa","4.6"
3541,"3x-crazy","indica","4.4"
3542,"501st-og","hybrid","4.5"
3543,"5th-element","indica","4.4"
3544,"707-headband","hybrid","4.3"
3545,"8-ball-kush","indica","4.3"
3546,"818-og","indica","4.7"
3547,"831-og","indica","5"
3548,"9-pound-hammer","indica","4.5"
3549,"91-krypt","indica","4.7"
3550,"a-10","indica","3.8"
3551,"a-dub","hybrid","4.4"
3552,"a-train","hybrid","4.1"
3553,"acdc","hybrid","4.5"
3554,"ak-47","hybrid","4.2"
3555,"ak-48","hybrid","4"
3556,"aberdeen","hybrid","4.3"
3557,"abusive-og","indica","4.5"
3558,"acapulco-gold","sativa","4.5"
3559,"ace-killer-og","indica","4.8"
3560,"ace-of-spades","indica","4.1"
3561,"aceh","sativa","4.4"
3562,"acid-dough","sativa","5"
3563,"afcrack","hybrid","3.4"
3564,"afghan-big-bud","indica","4"
3565,"afghan-cow","sativa","4.3"
3566,"afghan-diesel","hybrid","3.7"
3567,"afghan-hawaiian","indica","4.1"
3568,"afghan-haze","hybrid","4.3"
3569,"afghan-kush","indica","4.1"
3570,"afghan-skunk","indica","4.3"
3571,"afghan-sour-kush","indica","4.5"
3572,"afghani","indica","4.3"
3573,"afghani-cbd","indica","4.6"
3574,"afghanica","hybrid","4.1"
3575,"afghanimal","indica","5"
3576,"afghooey","indica","4.1"
3577,"afgoo","indica","4.1"
3578,"afgooey","indica","4.3"
3579,"afkansastan","indica","3.8"
3580,"afpak","hybrid","4.2"
3581,"african","sativa","3.9"
3582,"afrikaner","sativa","0"
3583,"afternoon-delight","hybrid","4.8"
3584,"afwreck","hybrid","4.2"
3585,"agent-orange","hybrid","4.2"
3586,"air-jordan-og","indica","4.5"
3587,"alaska","sativa","4.6"
3588,"alaskan-ice","sativa","4.4"
3589,"alaskan-thunder-fuck","sativa","4.4"
3590,"albert-walker","hybrid","4.7"
3591,"alchemy","hybrid","4.8"
3592,"alice-in-wonderland","sativa","4.5"
3593,"alien-abduction","hybrid","3.8"
3594,"alien-apparition","hybrid","4"
3595,"alien-asshat","hybrid","4.8"
3596,"alien-bubba","indica","5"
3597,"alien-dawg","indica","4.3"
3598,"alien-dutchess","sativa","4.2"
3599,"alien-hallucination","hybrid","4.1"
3600,"alien-kush","indica","4.2"
3601,"alien-og","hybrid","4.5"
3602,"alien-reunion","hybrid","4.9"
3603,"alien-rift","indica","4.6"
3604,"alien-rock-candy","hybrid","4.7"
3605,"alien-sour-apple","hybrid","4.6"
3606,"alien-stardawg","sativa","4.4"
3607,"alien-technology","indica","4.5"
3608,"aliens-on-moonshine","indica","4.5"
3609,"allen-iverson-og","indica","5"
3610,"allen-wrench","sativa","4.3"
3611,"allkush","indica","5"
3612,"aloha","sativa","4.2"
3613,"alohaberry","hybrid","4.2"
3614,"alpha-blue","sativa","4.5"
3615,"alpha-cow","sativa","5"
3616,"alpha-express","sativa","4.7"
3617,"alpha-og","hybrid","4.6"
3618,"alpine-star","indica","4.2"
3619,"ambrosia","hybrid","4.4"
3620,"american-dream","hybrid","4.7"
3621,"american-kush","indica","4.8"
3622,"americano","indica","4.6"
3623,"amethyst","hybrid","3.9"
3624,"amethyst-bud","hybrid","4.2"
3625,"amnesia","sativa","4.3"
3626,"amnesia-ganja-haze","sativa","5"
3627,"amnesia-haze","sativa","4.3"
3628,"ancient-kush","indica","4.6"
3629,"ancient-og","indica","4.6"
3630,"anesthesia","indica","4.1"
3631,"angel-og","indica","5"
3632,"animal-cookies","hybrid","4.5"
3633,"anonymous-og","indica","5"
3634,"anubis","indica","5"
3635,"apollo-11","hybrid","4.4"
3636,"apollo-13","hybrid","4.4"
3637,"appalachia","hybrid","4.8"
3638,"appalachian-power","sativa","4.3"
3639,"apple-jack","hybrid","3.6"
3640,"apple-kush","hybrid","4.6"
3641,"appleberry","indica","4.6"
3642,"arabian-gold","sativa","4.1"
3643,"arctic-sun","hybrid","4.3"
3644,"area-51","hybrid","4.4"
3645,"argyle","indica","3.9"
3646,"armageddon","hybrid","4"
3647,"armagnac","hybrid","4.2"
3648,"ash","hybrid","4.5"
3649,"asian-fantasy","sativa","4.4"
3650,"aspen-og","hybrid","4.1"
3651,"astroboy","sativa","4.5"
3652,"athabasca","indica","4.6"
3653,"atomic","hybrid","4.5"
3654,"atomic-northern-lights","hybrid","4.2"
3655,"atomical-haze","sativa","4.4"
3656,"aurora-borealis","indica","4.2"
3657,"aurora-indica","indica","4.4"
3658,"avalon","hybrid","3.6"
3659,"ayahuasca-purple","indica","4.4"
3660,"azure-haze","hybrid","4.4"
3661,"b-52","indica","4.1"
3662,"bc-big-bud","hybrid","4.5"
3663,"bc-roadkill","hybrid","4.5"
3664,"bc-sweet-tooth","indica","4.3"
3665,"bog-bubble","hybrid","4.4"
3666,"bakerstreet","indica","3.7"
3667,"banana-candy","indica","4.2"
3668,"banana-diesel","hybrid","4.4"
3669,"banana-kush","hybrid","4.3"
3670,"banana-og","hybrid","4.4"
3671,"banana-peel","hybrid","4.7"
3672,"bandana","hybrid","4.2"
3673,"bangi-haze","sativa","0"
3674,"barbara-bud","indica","3.6"
3675,"batgirl","hybrid","5"
3676,"batman-og","indica","4.4"
3677,"bay-11","sativa","4.5"
3678,"bay-dream","sativa","4.3"
3679,"bear-dance","hybrid","4.8"
3680,"beast-mode-og","hybrid","4.4"
3681,"bedica","indica","4.3"
3682,"bediol","sativa","4.7"
3683,"bell-ringer","indica","5"
3684,"belladonna","hybrid","4"
3685,"berkeley","sativa","4.3"
3686,"berry-bomb","hybrid","4.2"
3687,"berry-noir","indica","4.4"
3688,"berry-white","indica","4.4"
3689,"bertberry-cheesecake","sativa","5"
3690,"bettie-page","hybrid","4.2"
3691,"bianca","hybrid","4.2"
3692,"biddy-early","hybrid","4.2"
3693,"big-bang","indica","4.1"
3694,"big-bud","indica","3.9"
3695,"big-budda-cheese","hybrid","4.2"
3696,"big-kush","hybrid","4.7"
3697,"big-mac","indica","5"
3698,"big-skunk-korean","hybrid","4"
3699,"big-sur-holy-bud","sativa","4"
3700,"big-white","indica","4.2"
3701,"big-wreck","indica","4.1"
3702,"bio-diesel","hybrid","4.4"
3703,"bio-diesel","hybrid","4.4"
3704,"bio-jesus","hybrid","4.6"
3705,"biochem","indica","4.4"
3706,"birds-eye","sativa","5"
3707,"black-afghan","indica","4.6"
3708,"black-betty","hybrid","4.5"
3709,"black-bubba","indica","4.5"
3710,"black-cherry-cheesecake","hybrid","4.5"
3711,"black-cherry-og","indica","4.4"
3712,"black-cherry-pie","hybrid","5"
3713,"black-cherry-soda","hybrid","4.3"
3714,"black-dhalia","hybrid","4"
3715,"black-diamond","indica","4.4"
3716,"black-diesel","sativa","4.1"
3717,"black-domina","indica","4.2"
3718,"black-ice","indica","4.1"
3719,"black-jack","hybrid","4.4"
3720,"black-label-kush","indica","4.1"
3721,"black-larry-bird","indica","4"
3722,"black-lime-special-reserve","indica","4.5"
3723,"black-magic","hybrid","4"
3724,"black-magic-kush","indica","4.2"
3725,"black-mamba","indica","4.6"
3726,"black-russian","indica","4.3"
3727,"black-velvet","hybrid","3.9"
3728,"black-widow","hybrid","4.1"
3729,"blackberry","hybrid","4.2"
3730,"blackberry-bubble","indica","4.7"
3731,"blackberry-cream","indica","4.8"
3732,"blackberry-diesel","sativa","4.1"
3733,"blackberry-dream","hybrid","4.2"
3734,"blackberry-hashplant","indica","3.7"
3735,"blackberry-haze","sativa","4.5"
3736,"blackberry-kush","indica","4.3"
3737,"blackberry-lime-haze","sativa","4.7"
3738,"blackberry-pie","hybrid","4.7"
3739,"blackberry-rhino","indica","4.3"
3740,"blackberry-trainwreck","hybrid","4.3"
3741,"blackberry-x-blueberry","indica","4.3"
3742,"blackwater","indica","4.6"
3743,"blaze","sativa","4.3"
3744,"blissful-wizard","hybrid","4.8"
3745,"blockhead","hybrid","4.2"
3746,"blowfish","hybrid","4.2"
3747,"blucifer","sativa","4.3"
3748,"blue-afghani","indica","4.4"
3749,"blue-alien","indica","4.5"
3750,"blue-bastard","indica","3.8"
3751,"blue-bayou","sativa","2.8"
3752,"blue-blood","indica","4.2"
3753,"blue-buddha","indica","4.9"
3754,"blue-cheese","indica","4.3"
3755,"blue-cinex","hybrid","4.7"
3756,"blue-cookies","hybrid","4.7"
3757,"blue-crack","hybrid","4.2"
3758,"blue-diamond","indica","4.4"
3759,"blue-diesel","hybrid","4.4"
3760,"blue-dot","sativa","4.7"
3761,"blue-dragon","hybrid","4.4"
3762,"blue-dream","hybrid","4.4"
3763,"blue-dynamite","indica","4.3"
3764,"blue-frost","hybrid","4.5"
3765,"blue-god","indica","4.7"
3766,"blue-goo","hybrid","4.1"
3767,"blue-hash","hybrid","4.4"
3768,"blue-hawaiian","hybrid","4.3"
3769,"blue-haze","hybrid","4.3"
3770,"blue-heron","hybrid","4.7"
3771,"blue-ivy","hybrid","4.4"
3772,"blue-jay-way","hybrid","4.5"
3773,"blue-knight","indica","4.7"
3774,"blue-kripple","indica","3.4"
3775,"blue-lights","indica","4.5"
3776,"blue-magic","sativa","4.6"
3777,"blue-magoo","hybrid","4.5"
3778,"blue-monster","indica","4.7"
3779,"blue-moonshine","indica","4.2"
3780,"blue-mountain-fire","sativa","4"
3781,"blue-mystic","indica","4.2"
3782,"blue-nightmare","hybrid","4.7"
3783,"blue-og","hybrid","4.3"
3784,"blue-ox","indica","4.5"
3785,"blue-persuasion","hybrid","4.1"
3786,"blue-power","indica","4.7"
3787,"blue-rhino","hybrid","4.3"
3788,"blue-satellite","sativa","3.9"
3789,"blue-sky","hybrid","4.6"
3790,"blue-steel","indica","4.3"
3791,"blue-thai","hybrid","3.7"
3792,"blue-train","hybrid","4.4"
3793,"blue-velvet","hybrid","4.3"
3794,"blue-venom","hybrid","4.7"
3795,"blue-widow","hybrid","4.2"
3796,"blue-wonder","hybrid","5"
3797,"blue-wreck","hybrid","4.7"
3798,"blue-zombie","indica","4.7"
3799,"blueberry","indica","4.3"
3800,"blueberry-blast","sativa","4.4"
3801,"blueberry-cheesecake","hybrid","4.3"
3802,"blueberry-diesel","hybrid","4.2"
3803,"blueberry-dream","sativa","4.6"
3804,"blueberry-essence","hybrid","4.5"
3805,"blueberry-haze","hybrid","4.2"
3806,"blueberry-haze","hybrid","4.2"
3807,"blueberry-headband","hybrid","4.3"
3808,"blueberry-jack","hybrid","4.3"
3809,"blueberry-kush","indica","4.3"
3810,"blueberry-og","hybrid","4.6"
3811,"blueberry-pie","hybrid","4.4"
3812,"blueberry-skunk","indica","4.3"
3813,"blueberry-space-cake","indica","5"
3814,"blueberry-trainwreck","hybrid","4.4"
3815,"blueberry-waltz","indica","4.8"
3816,"blueberry-yum-yum","hybrid","4.6"
3817,"blues","hybrid","4"
3818,"bluniverse","hybrid","4.7"
3819,"bob-saget","sativa","4.8"
3820,"boysenberry","hybrid","3.6"
3821,"brain-candy","hybrid","5"
3822,"brains-damage","indica","4.4"
3823,"brainstorm-haze","sativa","3.9"
3824,"brainwreck","hybrid","4.7"
3825,"brand-x","indica","5"
3826,"brandywine","indica","4.5"
3827,"brazil-amazonia","sativa","4.5"
3828,"brian-berry-cough","hybrid","4.5"
3829,"bright-moments","hybrid","0"
3830,"broke-diesel","hybrid","5"
3831,"bronze-whaler","indica","0"
3832,"bruce-banner","hybrid","4.6"
3833,"bubba-berry","indica","5"
3834,"bubba-doja","indica","4"
3835,"bubba-fresh","hybrid","5"
3836,"bubba-hash","indica","0"
3837,"bubba-kush","indica","4.3"
3838,"bubba-og","indica","4.3"
3839,"bubble-cheese","indica","3.8"
3840,"bubble-gum","hybrid","4.1"
3841,"bubbleberry","hybrid","4.4"
3842,"bubblegum-kush","indica","4.3"
3843,"bubblegun","hybrid","3.8"
3844,"bubblicious","hybrid","4.3"
3845,"buckeye-purple","indica","4.3"
3846,"buddha-haze","sativa","4.6"
3847,"buddha-tahoe","indica","4.5"
3848,"buffalo-bill","sativa","4.2"
3849,"bugatti-og","hybrid","4.6"
3850,"burkle","indica","4.9"
3851,"burmese-kush","hybrid","4.2"
3852,"butter-og","indica","4.3"
3853,"butterscotch","indica","4.3"
3854,"c13-haze","sativa","4.4"
3855,"c3po","hybrid","4.3"
3856,"c4","hybrid","4.5"
3857,"cbd-critical-cure","indica","4.6"
3858,"cbd-critical-mass","indica","4.6"
3859,"cbd-kush","hybrid","4.5"
3860,"cbd-lilly","sativa","4.5"
3861,"cbd-mango-haze","sativa","4.4"
3862,"cbd-ox","indica","5"
3863,"cbd-rich-blessing","sativa","0"
3864,"cbd-shark","indica","4.5"
3865,"chr-super-og","indica","4.3"
3866,"cabbage-patch","hybrid","4.4"
3867,"cactus","indica","4.6"
3868,"cactus-cooler","hybrid","4.5"
3869,"cadillac-purple","indica","4.2"
3870,"cali-gold","hybrid","4.5"
3871,"cali-kush","hybrid","4.2"
3872,"california-grapefruit","indica","4.4"
3873,"california-hash-plant","indica","5"
3874,"california-orange","hybrid","4.3"
3875,"california-sour","hybrid","3.6"
3876,"cambodian","sativa","4.2"
3877,"cambodian-haze","sativa","4.6"
3878,"candy-cane","indica","4.4"
3879,"candy-jack","sativa","4.3"
3880,"candyland","sativa","4.6"
3881,"canna-tsu","hybrid","4.5"
3882,"cannasutra","indica","4.8"
3883,"cannadential","hybrid","4.1"
3884,"cannalope-haze","sativa","4.2"
3885,"cannalope-haze","sativa","4.2"
3886,"cannalope-kush","hybrid","4.5"
3887,"capers","indica","4.6"
3888,"caramel-candy-kush","hybrid","4.6"
3889,"caramel-kona-coffee-kush","indica","4.5"
3890,"caramelicious","hybrid","4.2"
3891,"caramella","indica","4.8"
3892,"caramelo","sativa","4.1"
3893,"carnival","sativa","4.3"
3894,"cascadia-kush","indica","4.6"
3895,"casey-jones","sativa","4.2"
3896,"casper-og","indica","5"
3897,"cat-piss","sativa","3.9"
3898,"cataract-kush","hybrid","4.4"
3899,"catfish","sativa","4.8"
3900,"central-american","sativa","4"
3901,"cerebro-haze","sativa","4.2"
3902,"charlie-sheen","hybrid","4.6"
3903,"charlottes-web","sativa","4.5"
3904,"cheese","hybrid","4.1"
3905,"cheese-candy","hybrid","4.3"
3906,"cheese-quake","hybrid","4.3"
3907,"cheeseburger","hybrid","3.3"
3908,"cheesewreck","hybrid","4.3"
3909,"chem-jack","hybrid","5"
3910,"chem-scout","indica","4.5"
3911,"chem-valley-kush","hybrid","4.3"
3912,"chemdawg","hybrid","4.3"
3913,"chemmy-jones","hybrid","4.7"
3914,"chemo","indica","4.4"
3915,"chernobyl","hybrid","4.4"
3916,"cherries-jubilee","indica","4.4"
3917,"cherry-ak-47","hybrid","4.4"
3918,"cherry-bomb","hybrid","4.3"
3919,"cherry-cookies","hybrid","4.6"
3920,"cherry-cream-pie","hybrid","4.3"
3921,"cherry-diesel","hybrid","4.7"
3922,"cherry-durban-poison","hybrid","4.3"
3923,"cherry-fire","hybrid","0"
3924,"cherry-grapefruit","hybrid","4.3"
3925,"cherry-kola","indica","4.7"
3926,"cherry-kush","hybrid","4.2"
3927,"cherry-limeade","hybrid","4.3"
3928,"cherry-og","hybrid","4.2"
3929,"cherry-pie","hybrid","4.4"
3930,"cherry-skunk","hybrid","4.4"
3931,"cherry-slyder","hybrid","4.7"
3932,"chiesel","hybrid","4.4"
3933,"chiesel","hybrid","4.4"
3934,"china-yunnan","indica","4.3"
3935,"chiquita-banana","hybrid","4.9"
3936,"chocolate-chunk","indica","4.2"
3937,"chocolate-diesel","sativa","4.6"
3938,"chocolate-fondue","sativa","4.6"
3939,"chocolate-hashberry","hybrid","4.5"
3940,"chocolate-kush","indica","4.5"
3941,"chocolate-meringue","indica","0"
3942,"chocolate-og","indica","4.8"
3943,"chocolate-rain","hybrid","5"
3944,"chocolate-thai","sativa","4.2"
3945,"chocolate-thunder","sativa","4.1"
3946,"chocolate-tonic","hybrid","0"
3947,"chocolope","sativa","4.3"
3948,"chocolope-kush","hybrid","4"
3949,"chronic","hybrid","4.4"
3950,"chronic-thunder","indica","4.5"
3951,"chupacabra","hybrid","4.8"
3952,"church-og","indica","4.1"
3953,"cinderella-99","hybrid","4.4"
3954,"cinex","sativa","4.3"
3955,"cirrus","sativa","5"
3956,"citrix","hybrid","4.3"
3957,"citrus-kush","hybrid","4.2"
3958,"citrus-punch","sativa","4.2"
3959,"citrus-sap","hybrid","4.4"
3960,"clementine","sativa","4.3"
3961,"clockwork-orange","hybrid","5"
3962,"club-69","indica","5"
3963,"cluster-bomb","hybrid","4.3"
3964,"cold-creek-kush","hybrid","4.3"
3965,"colombian-gold","sativa","4.5"
3966,"colombian-mojito","sativa","5"
3967,"colorado-bubba","indica","4.6"
3968,"colorado-clementines","indica","4.5"
3969,"commerce-city-kush","indica","4.3"
3970,"confidential-cheese","indica","4.5"
3971,"congo","sativa","5"
3972,"connie-chung","hybrid","4.2"
3973,"conspiracy-kush","indica","4.6"
3974,"cookie-dough","hybrid","4.5"
3975,"cookie-jar","hybrid","4.6"
3976,"cookie-monster","indica","4.5"
3977,"cookie-wreck","hybrid","4.6"
3978,"cookies-kush","indica","4.5"
3979,"copper-kush","indica","3.9"
3980,"corleone-kush","indica","4.6"
3981,"cornbread","indica","4.6"
3982,"cosmic-collision","sativa","4.2"
3983,"cotton-candy-kush","hybrid","4.3"
3984,"cracker-jack","sativa","4.2"
3985,"crazy-miss-hyde","hybrid","4.9"
3986,"cream-caramel","indica","4.2"
3987,"critical-bilbo","hybrid","4.4"
3988,"critical-cheese","hybrid","4.2"
3989,"critical-haze","hybrid","4.3"
3990,"critical-hog","indica","4.2"
3991,"critical-jack","hybrid","4.4"
3992,"critical-kali-mist","sativa","4.6"
3993,"critical-kush","indica","4.5"
3994,"critical-mass","indica","4.3"
3995,"critical-sensi-star","indica","4.2"
3996,"critical-skunk","hybrid","4.5"
3997,"critical-widow","hybrid","4.3"
3998,"critters-cookies","hybrid","3.5"
3999,"cronuts","hybrid","4.7"
4000,"crosswalker","indica","4.4"
4001,"crouching-tiger-hidden-alien","indica","4.8"
4002,"crown-og","indica","4.7"
4003,"crown-royale","indica","4.7"
4004,"crypt","hybrid","4.4"
4005,"crystal-coma","sativa","4.6"
4006,"crystal-gayle","hybrid","4.4"
4007,"crystalberry","indica","4.5"
4008,"cuvee","indica","4.5"
4009,"dj-andy-williams","sativa","5"
4010,"dj-short-blueberry","indica","4.4"
4011,"dairy-queen","hybrid","4.4"
4012,"dakini-kush","indica","4.5"
4013,"damn-sour","sativa","4"
4014,"damnesia","hybrid","4.2"
4015,"dance-world","sativa","4.6"
4016,"dancehall","hybrid","4.6"
4017,"dank-schrader","indica","4.9"
4018,"dank-sinatra","hybrid","5"
4019,"double-d","indica","4.3"
4020,"dark-side-of-the-moon","indica","4.6"
4021,"dark-star","indica","4.4"
4022,"darkside-og","indica","4.6"
4023,"darth-vader-og","indica","4.4"
4024,"deadhead-og","hybrid","4.4"
4025,"deadwood","indica","3.9"
4026,"death-bubba","indica","4.7"
4027,"death-star","indica","4.6"
4028,"deathstar-og","indica","4.6"
4029,"deep-cheese","hybrid","4.3"
4030,"deep-chunk","indica","4.3"
4031,"deep-purple","indica","3.9"
4032,"deep-sleep","indica","4.5"
4033,"delahaze","sativa","4.5"
4034,"denver-maple","indica","4.4"
4035,"destroyer","sativa","4.9"
4036,"devil-fruit","indica","4.4"
4037,"diablo","indica","4.1"
4038,"diablo","indica","4.1"
4039,"diamond-og","indica","4.5"
4040,"diesel-duff","hybrid","3.8"
4041,"digweed","indica","3.9"
4042,"dinachem","hybrid","4.7"
4043,"dirty-girl","sativa","4.5"
4044,"dirty-old-bastard","indica","5"
4045,"dizzy-og","hybrid","5"
4046,"django","sativa","4.6"
4047,"do-si-dos","indica","4.8"
4048,"do-si-dos","indica","4.8"
4049,"doctor-doctor","sativa","5"
4050,"dogwalker-og","hybrid","4.7"
4051,"dolla-sign-og-kush","indica","5"
4052,"domino","indica","4"
4053,"donna-og","hybrid","4.6"
4054,"doox","sativa","4.4"
4055,"dorit","indica","4.4"
4056,"double-diesel","sativa","4.2"
4057,"double-dream","hybrid","4.5"
4058,"double-dutch","hybrid","4.3"
4059,"double-mint","indica","5"
4060,"double-og","indica","4.6"
4061,"double-purple-doja","indica","4.7"
4062,"double-tangie-banana","hybrid","4.4"
4063,"double-tap","indica","5"
4064,"dream-beaver","sativa","4.7"
4065,"dream-berry","indica","4.5"
4066,"dream-lotus","hybrid","4.3"
4067,"dream-queen","hybrid","4.3"
4068,"dream-star","hybrid","4.8"
4069,"drizella","sativa","4.8"
4070,"duke-nukem","hybrid","4.4"
4071,"durban-berry","hybrid","4.6"
4072,"durban-cheese","hybrid","4.2"
4073,"durban-cookies","sativa","4.5"
4074,"durban-poison","sativa","4.4"
4075,"durga-mata","indica","4.9"
4076,"dutch-crunch","hybrid","4.2"
4077,"dutch-dragon","sativa","4.5"
4078,"dutch-hawaiian","sativa","4.3"
4079,"dutch-haze","sativa","4"
4080,"dutch-kush","indica","3.9"
4081,"dutch-queen","hybrid","4.4"
4082,"dutch-treat","hybrid","4.3"
4083,"dynamite","indica","4.4"
4084,"early-girl","indica","3.8"
4085,"early-pearl","sativa","3.9"
4086,"early-skunk","hybrid","4.1"
4087,"earth-og","hybrid","4.2"
4088,"earthquake","hybrid","4.5"
4089,"east-coast-alien","sativa","4.4"
4090,"east-coast-sour-diesel","sativa","4.3"
4091,"eastern-european","indica","5"
4092,"easy-bud","hybrid","4.7"
4093,"ecto-cooler","hybrid","4.4"
4094,"ed-rosenthal-super-bud","hybrid","4.3"
4095,"edelweiss","indica","4.1"
4096,"el-chapo-og","indica","4.7"
4097,"el-jeffe","indica","4.7"
4098,"el-nino","hybrid","3.8"
4099,"el-na","hybrid","5"
4100,"elderberry-kush","hybrid","4.1"
4101,"electric-black-mamba","indica","5"
4102,"electric-lemon-g","sativa","4.2"
4103,"elephant","sativa","4"
4104,"elphinstone","sativa","4.5"
4105,"elvis","hybrid","4.6"
4106,"emerald-jack","sativa","4.4"
4107,"emerald-og","indica","4.7"
4108,"enemy-of-the-state","indica","4.1"
4109,"enigma","indica","4.6"
4110,"eran-almog","indica","4.3"
4111,"erdpurt","indica","0"
4112,"erez","indica","4.3"
4113,"ether","indica","3.5"
4114,"euphoria","sativa","4.3"
4115,"eugene-cream","hybrid","4.6"
4116,"everlast","indica","4.6"
4117,"ewok","hybrid","4.6"
4118,"exodus-cheese","hybrid","4.3"
4119,"extreme-cream","indica","4.8"
4120,"extreme-og","indica","4.9"
4121,"face-off-og","indica","4.8"
4122,"fallen-angel","indica","5"
4123,"fat-purple","indica","4.7"
4124,"faygo-red-pop","indica","4.8"
4125,"fighting-buddha","sativa","5"
4126,"fire-alien-kush","hybrid","4.5"
4127,"fire-alien-strawberry","hybrid","4"
4128,"fire-haze","sativa","4.2"
4129,"fire-og","hybrid","4.4"
4130,"firewalker-og","sativa","4.3"
4131,"first-48","hybrid","4"
4132,"flaming-cookies","indica","4.2"
4133,"flo","hybrid","4.2"
4134,"flo-limone","sativa","4.8"
4135,"flo-og","indica","4.6"
4136,"flo-og","indica","4.6"
4137,"flowerbomb-kush","indica","4.6"
4138,"fortune-cookies","hybrid","4.6"
4139,"four-way","indica","5"
4140,"four-way","indica","5"
4141,"frankenstein","indica","4.4"
4142,"freezeland","indica","3.6"
4143,"frida","indica","4.9"
4144,"frisian-dew","hybrid","4.2"
4145,"frisian-duck","hybrid","4.4"
4146,"frostbite","sativa","4.3"
4147,"frosty","indica","4.4"
4148,"fruit-punch","sativa","4.6"
4149,"fruity-chronic-juice","indica","4.2"
4150,"fruity-pebbles","hybrid","4.4"
4151,"fruitylicious","indica","4"
4152,"fucking-incredible","indica","4.3"
4153,"full-moon","sativa","4.9"
4154,"funfetti","hybrid","4.8"
4155,"funky-monkey","indica","4.4"
4156,"future","hybrid","4.8"
4157,"g-force","indica","5"
4158,"g-force","indica","5"
4159,"g-13","indica","4.4"
4160,"g13-diesel","hybrid","4.8"
4161,"g13-haze","hybrid","4.4"
4162,"g13-widow","hybrid","4.8"
4163,"griz-kush","hybrid","4.5"
4164,"galactic-jack","sativa","4.6"
4165,"game-changer","hybrid","4.5"
4166,"gandalf-og","indica","4.9"
4167,"garlic-bud","indica","4.1"
4168,"gelato","hybrid","4.7"
4169,"gemstone","hybrid","4.8"
4170,"ghost-og","hybrid","4.5"
4171,"ghost-og-moonshine","indica","4.8"
4172,"ghost-ship","indica","4"
4173,"gigabud","indica","4.4"
4174,"ginger-ale","hybrid","4.9"
4175,"glass-slipper","hybrid","4.3"
4176,"go-time","hybrid","4.3"
4177,"gobbilygoo","indica","4.5"
4178,"gobbstopper","indica","4.5"
4179,"god-bud","indica","4.3"
4180,"godberry","indica","4.6"
4181,"godfather-og","indica","4.6"
4182,"godfather-purple-kush","indica","4.3"
4183,"godzilla","indica","4.3"
4184,"goji-og","hybrid","4.5"
4185,"goldberry","indica","4.5"
4186,"golden-gage","hybrid","4.4"
4187,"golden-goat","hybrid","4.5"
4188,"golden-nugget","hybrid","4.8"
4189,"golden-pineapple","hybrid","4.5"
4190,"golden-tangie","sativa","3.5"
4191,"goldwing","sativa","4.7"
4192,"goo","indica","4.3"
4193,"gooberry","indica","4.3"
4194,"good-medicine","hybrid","4.3"
4195,"gorilla-biscuit","indica","4.7"
4196,"gorilla-cookies","hybrid","4.8"
4197,"gorkle","sativa","5"
4198,"government-mule","indica","4"
4199,"grand-doggy-purps","indica","4.4"
4200,"grand-hindu","indica","4.6"
4201,"granddaddy-purple","indica","4.4"
4202,"grandpa-larry-og","indica","4.4"
4203,"grape-ape","indica","4.3"
4204,"grape-cookies","indica","4.6"
4205,"grape-crush","hybrid","4.3"
4206,"grape-drink","indica","4.7"
4207,"grape-god","hybrid","4.3"
4208,"grape-inferno","indica","4.5"
4209,"grape-krush","indica","4.3"
4210,"grape-kush","hybrid","3.9"
4211,"grape-ox","indica","4.6"
4212,"grape-skunk","indica","4.1"
4213,"sour-grapes","hybrid","4.4"
4214,"grape-valley-kush","indica","4.8"
4215,"grapefruit","sativa","4.3"
4216,"grapefruit-diesel","hybrid","4.2"
4217,"grapefruit-haze","sativa","4.4"
4218,"grapefruit-kush","hybrid","4.3"
4219,"gravity","indica","4"
4220,"grease-monkey","hybrid","4.6"
4221,"white-shark","sativa","4.2"
4222,"green-avenger","hybrid","5"
4223,"green-candy","sativa","4.3"
4224,"green-crack","sativa","4.3"
4225,"green-crack-extreme","sativa","4.6"
4226,"green-door-kush","hybrid","4.5"
4227,"green-dragon","indica","4.2"
4228,"green-dream","hybrid","4.4"
4229,"green-goblin","sativa","4.3"
4230,"green-goddess","hybrid","4.6"
4231,"green-haze","sativa","3.8"
4232,"green-hornet","hybrid","4.2"
4233,"green-kush","indica","3.8"
4234,"green-lantern","sativa","4.6"
4235,"green-love-potion","indica","4.1"
4236,"green-mango","indica","4.4"
4237,"green-monster","hybrid","3.7"
4238,"green-poison","indica","4.2"
4239,"green-python","indica","4.3"
4240,"green-queen","hybrid","4.2"
4241,"green-ribbon","hybrid","4.2"
4242,"gremlin","hybrid","4.4"
4243,"grimace","indica","4.4"
4244,"grimace-og","indica","4.3"
4245,"grimmdica","indica","5"
4246,"guard-dawg","indica","4.2"
4247,"guava-chem","hybrid","4.5"
4248,"guava-gelato","hybrid","4.3"
4249,"gucci-og","hybrid","4.7"
4250,"guido-kush","indica","4.1"
4251,"gumbo","indica","4.6"
4252,"gummo","hybrid","5"
4253,"gummy-bears","hybrid","4.2"
4254,"gupta-kush","hybrid","4.3"
4255,"gutbuster","indica","4.5"
4256,"hades-haze","indica","4.7"
4257,"hammerhead","indica","5"
4258,"haoma","indica","4.8"
4259,"hardcore-og","indica","4.6"
4260,"harle-tsu","hybrid","4.4"
4261,"harle-tsu","hybrid","4.4"
4262,"harlequin","sativa","4.3"
4263,"harlequin-gdp","hybrid","4.2"
4264,"harley-storm","sativa","4.8"
4265,"harmonia","indica","4.3"
4266,"harmony","hybrid","4.4"
4267,"hash-plant","indica","4.2"
4268,"hash-plant","indica","4.2"
4269,"hashbar-og","indica","4.5"
4270,"hashberry","indica","4.3"
4271,"hashplant-haze","sativa","4.4"
4272,"hawaiian","sativa","4.2"
4273,"hawaiian-cookies","hybrid","4.6"
4274,"hawaiian-delight","indica","3.8"
4275,"hawaiian-diesel","sativa","4.2"
4276,"hawaiian-dream","sativa","4.4"
4277,"hawaiian-fire","hybrid","4.4"
4278,"hawaiian-haze","sativa","4.4"
4279,"hawaiian-mayan-gold","sativa","5"
4280,"hawaiian-punch","sativa","4.4"
4281,"hawaiian-purple-kush","indica","4.5"
4282,"hawaiian-sativa","sativa","4.2"
4283,"hawaiian-skunk","hybrid","4.2"
4284,"hawaiian-snow","sativa","4.5"
4285,"hawaiian-thunder-fuck","hybrid","4"
4286,"haze","sativa","4.2"
4287,"haze-berry","sativa","4.2"
4288,"haze-heaven","hybrid","4.5"
4289,"haze-mist","sativa","4"
4290,"haze-wreck","sativa","4.6"
4291,"head-cheese","hybrid","4.6"
4292,"head-trip","hybrid","4.3"
4293,"headband","hybrid","4.3"
4294,"headbanger","hybrid","4.4"
4295,"heavy-duty-fruity","hybrid","4.1"
4296,"heisenberg-kush","sativa","4.4"
4297,"hell-raiser-og","hybrid","4.8"
4298,"hells-angel-og","hybrid","4.5"
4299,"hellfire-og","hybrid","4.5"
4300,"hempstar","sativa","4.3"
4301,"hercules","hybrid","4.8"
4302,"herojuana","indica","4.4"
4303,"higher-power","sativa","4.8"
4304,"himalayan-blackberry","indica","4.9"
4305,"himalayan-gold","hybrid","4.2"
4306,"hindu-kush","indica","4.3"
4307,"hindu-skunk","indica","4.2"
4308,"hippie-chicken","sativa","4.3"
4309,"hippie-crippler","hybrid","4.3"
4310,"hoarfrost","hybrid","4.8"
4311,"hobbit","hybrid","4.3"
4312,"hollands-hope","indica","4.2"
4313,"hollywood-og","hybrid","4.4"
4314,"holy-grail-kush","hybrid","4.5"
4315,"honey-bananas","hybrid","4.7"
4316,"honey-boo-boo","indica","4.7"
4317,"hong-kong","hybrid","4.5"
4318,"hoodwreck","sativa","4.2"
4319,"huckleberry","hybrid","4.2"
4320,"huckleberry-hound","hybrid","5"
4321,"hulkamania","indica","4.5"
4322,"humboldt","hybrid","4.3"
4323,"humboldt-dream","indica","4.8"
4324,"hurkle","hybrid","4.7"
4325,"hurricane","sativa","4.3"
4326,"iced-grapefruit","hybrid","4.3"
4327,"ifc-og","indica","0"
4328,"ig-kush","hybrid","4.5"
4329,"ice","hybrid","4.1"
4330,"ice-cream","hybrid","4.1"
4331,"ice-princess","hybrid","5"
4332,"ice-queen","hybrid","4.6"
4333,"ice-wreck","hybrid","4.3"
4334,"iced-widow","indica","4.4"
4335,"ill-og","indica","3.7"
4336,"illuminati-og","indica","4.7"
4337,"in-the-pines","sativa","4.4"
4338,"incredible-bulk","indica","4.5"
4339,"incredible-hulk","sativa","4.5"
4340,"ingrid","indica","4.3"
4341,"irish-cream","indica","4"
4342,"island-haze","sativa","4.8"
4343,"island-maui-haze","sativa","4.5"
4344,"island-sweet-skunk","sativa","4.3"
4345,"j-27","sativa","4.2"
4346,"j1","hybrid","4.5"
4347,"jt15","indica","5"
4348,"jack-burton","indica","4.5"
4349,"jack-diesel","sativa","4.2"
4350,"jack-flash","hybrid","4.2"
4351,"jack-frost","hybrid","4.4"
4352,"jack-haze","hybrid","4.1"
4353,"jack-herer","sativa","4.4"
4354,"jack-kush","hybrid","4.1"
4355,"jack-skellington","sativa","4.7"
4356,"jack-smack","sativa","5"
4357,"jack-widow","hybrid","4.2"
4358,"jack-wreck","sativa","4.5"
4359,"jack-the-ripper","sativa","4.2"
4360,"jacks-cleaner","sativa","4.2"
4361,"jackalope","sativa","4.2"
4362,"jacked-up","hybrid","4.1"
4363,"jacky-white","sativa","4.4"
4364,"jahwaiian","sativa","4.7"
4365,"jamaican","sativa","4.3"
4366,"jamaican-dream","sativa","4.5"
4367,"jamaican-lion","sativa","4.7"
4368,"jamaican-pearl","sativa","4.2"
4369,"jawa-pie","indica","4.5"
4370,"jazz","hybrid","4.3"
4371,"jedi-kush","indica","4.5"
4372,"jelly-roll","indica","4.8"
4373,"jenni","sativa","4.8"
4374,"jesus-og","sativa","4.6"
4375,"jet-fuel","hybrid","4.6"
4376,"jillybean","hybrid","4.3"
4377,"jimi-hendrix","hybrid","4.7"
4378,"jock-horror","sativa","4.1"
4379,"joliet-jake","indica","4.8"
4380,"jolly-rancher","hybrid","4.3"
4381,"josh-d-og","indica","3.7"
4382,"jr","indica","4.5"
4383,"juicy-fruit","hybrid","4.1"
4384,"juicy-jack","hybrid","4.3"
4385,"juliet","hybrid","4.5"
4386,"julius-caesar","hybrid","4.5"
4387,"jungle-juice","hybrid","4.4"
4388,"jupiter-og","indica","4.4"
4389,"k-train","indica","4.4"
4390,"k-train","indica","4.4"
4391,"k2","hybrid","4"
4392,"kc-36","indica","4.2"
4393,"kaboom","sativa","4.5"
4394,"kahuna","indica","4.2"
4395,"kahuna","indica","4.2"
4396,"kaia-kush","hybrid","4.7"
4397,"kalashnikova","hybrid","4.3"
4398,"kaleidos-dope","hybrid","4"
4399,"kali-47","sativa","5"
4400,"kali-china","indica","4.2"
4401,"kali-dog","hybrid","4.8"
4402,"kali-mist","sativa","4.1"
4403,"kandahar","indica","4.7"
4404,"kandy-kush","hybrid","4.3"
4405,"katsu-bubba-kush","indica","4.4"
4406,"katsu-kush","indica","4.1"
4407,"kelly-hill-gold","indica","5"
4408,"kens-kush","hybrid","4.2"
4409,"kerala-krush","sativa","4.6"
4410,"key-lime-pie","hybrid","4.5"
4411,"khola","hybrid","4.2"
4412,"khola","hybrid","4.2"
4413,"khufu","indica","4.2"
4414,"kilimanjaro","sativa","4.5"
4415,"kill-bill","hybrid","4.4"
4416,"killer-grape","hybrid","4.6"
4417,"killer-queen","hybrid","4.3"
4418,"killing-fields","sativa","4.5"
4419,"kimbo-kush","hybrid","4.5"
4420,"king-kong","hybrid","4.2"
4421,"king-louis","indica","4.6"
4422,"king-kush","indica","4.3"
4423,"kiwiskunk","indica","3.9"
4424,"kobain-kush","indica","4.3"
4425,"kona-gold","sativa","4.4"
4426,"kong","hybrid","4.7"
4427,"kool-aid-smile","indica","4.8"
4428,"kosher-kush","indica","4.5"
4429,"kosher-tangie","hybrid","4.5"
4430,"krakatoa","hybrid","4"
4431,"kraken","indica","4.4"
4432,"krishna-kush","indica","4.9"
4433,"kryptonite","indica","4.3"
4434,"kuato","hybrid","5"
4435,"kubbie-kush","indica","3"
4436,"kuchi","hybrid","3.6"
4437,"kurple-fantasy","hybrid","4.7"
4438,"kush-cleaner","hybrid","4.6"
4439,"kushadelic","indica","4.5"
4440,"kushage","hybrid","4.4"
4441,"kushberry","indica","4.3"
4442,"la-chocolat","hybrid","4.5"
4443,"la-confidential","indica","4.3"
4444,"la-jack","hybrid","3.7"
4445,"la-og","indica","4.4"
4446,"la-ultra","indica","4.7"
4447,"la-woman","hybrid","4.2"
4448,"lsd","hybrid","4.3"
4449,"lvpk","hybrid","4.6"
4450,"la-nina","sativa","4.7"
4451,"lady-liberty","hybrid","4.2"
4452,"ladyburn-1974","hybrid","4"
4453,"lake-of-fire","hybrid","4.6"
4454,"lambo-og","hybrid","4.5"
4455,"larry-og","hybrid","4.3"
4456,"las-vegas-purple-kush-bx","indica","5"
4457,"lashkar-gah","indica","4.7"
4458,"laughing-buddha","sativa","4.4"
4459,"lavender","indica","4.1"
4460,"lavender-haze","sativa","4.1"
4461,"le-silver-royale","hybrid","4.5"
4462,"leda-uno","sativa","5"
4463,"lee-roy","indica","4.7"
4464,"legend-og","indica","4.6"
4465,"legendary-lemon","sativa","4"
4466,"lemon-alien-dawg","hybrid","4.5"
4467,"lemon-bananas","hybrid","5"
4468,"lemon-bubble","sativa","4.6"
4469,"lemon-cake","sativa","4.3"
4470,"lemon-diesel","hybrid","4.2"
4471,"lemon-drop","hybrid","4.1"
4472,"lemon-g","sativa","4.4"
4473,"lemon-haze","sativa","4.3"
4474,"lemon-ice","sativa","4.6"
4475,"lemon-jack","sativa","4.4"
4476,"lemon-kush","hybrid","4.1"
4477,"lemon-meringue","sativa","4.7"
4478,"lemon-og","hybrid","4.3"
4479,"lemon-pie","sativa","4.2"
4480,"lemon-sativa","sativa","4.2"
4481,"lemon-skunk","hybrid","4.3"
4482,"lemon-thai","sativa","4.1"
4483,"lemon-wreck","hybrid","4.1"
4484,"lemonberry","hybrid","4.3"
4485,"lemonhead-og","hybrid","4.9"
4486,"lennon","sativa","0"
4487,"leonidas","sativa","4"
4488,"lethal-purple","hybrid","3.3"
4489,"lifesaver","hybrid","4.5"
4490,"light-of-jah","sativa","4.6"
4491,"key-lime-haze","sativa","4.2"
4492,"lime-purple-mist","indica","4.3"
4493,"lime-skunk","sativa","4.8"
4494,"lime-sorbet","indica","5"
4495,"limon","sativa","4.8"
4496,"lions-gate","indica","4.4"
4497,"liquid-butter","indica","4.5"
4498,"locktite","hybrid","4.3"
4499,"locomotion","indica","4.6"
4500,"lodi-dodi","hybrid","4.5"
4501,"longbottom-leaf","hybrid","4.8"
4502,"lost-coast-og","hybrid","4.5"
4503,"loud-dream","hybrid","4.1"
4504,"loud-scout","hybrid","4.4"
4505,"love-potion-9","indica","4.2"
4506,"luca-brasi","hybrid","5"
4507,"lucid-bolt","indica","5"
4508,"lucid-dream","hybrid","4.6"
4509,"lucky-charms","hybrid","4.5"
4510,"lucy","hybrid","4.4"
4511,"m-39","indica","3.2"
4512,"milf","hybrid","4.4"
4513,"mk-ultra","indica","4.5"
4514,"mad-dawg","hybrid","4.5"
4515,"mad-scientist","indica","4.6"
4516,"madagascar","indica","4.1"
4517,"madcow","sativa","3.4"
4518,"madman-og","hybrid","4.6"
4519,"madzilla","indica","5"
4520,"magic-beans-og","indica","4.2"
4521,"magnum","hybrid","3.9"
4522,"magnum-pi","sativa","4.3"
4523,"mako-haze","sativa","4.2"
4524,"malakoff","sativa","3.7"
4525,"malawi","sativa","4.4"
4526,"mammoth","hybrid","4.5"
4527,"mango","indica","4.1"
4528,"mango-dream","sativa","3.9"
4529,"mango-haze","sativa","4.6"
4530,"mango-kush","hybrid","4.3"
4531,"mango-tango","hybrid","4.6"
4532,"mangolicious","indica","5"
4533,"manitoba-poison","hybrid","4.5"
4534,"maple-leaf-indica","indica","4.3"
4535,"marionberry-kush","hybrid","4.5"
4536,"mars-og","indica","4.4"
4537,"martian-mean-green","hybrid","4.2"
4538,"martian-mean-green","hybrid","4.2"
4539,"master-bubba","indica","4.3"
4540,"master-jedi","indica","4.4"
4541,"master-kush","indica","4.3"
4542,"master-og","indica","4.4"
4543,"master-yoda","hybrid","4.5"
4544,"matanuska-thunder-fuck","sativa","4.3"
4545,"mataro-blue","indica","4.6"
4546,"matsu","indica","5"
4547,"mau-mau","hybrid","4"
4548,"maui","sativa","4.2"
4549,"maui-berry","hybrid","4"
4550,"maui-citrus-punch","sativa","4.5"
4551,"maui-wowie","sativa","4.4"
4552,"mazar-i-sharif","indica","4.4"
4553,"mazar-kush","indica","4.3"
4554,"mean-misty","hybrid","4.2"
4555,"medihaze","sativa","4.6"
4556,"medicine-man","hybrid","4.4"
4557,"medicine-woman","hybrid","4.6"
4558,"medusa","hybrid","4.1"
4559,"megalodon","sativa","4.4"
4560,"mekamika-haze","sativa","5"
4561,"melon-gum","hybrid","4.3"
4562,"memory-loss","sativa","4.6"
4563,"mendo-afgoo","indica","5"
4564,"mendo-breath","indica","4.8"
4565,"mendocino-madness","hybrid","4"
4566,"mendocino-purps","hybrid","4.3"
4567,"mercury-og","indica","4.4"
4568,"merlot-og","indica","4.9"
4569,"mexican","sativa","3.4"
4570,"mexican-sativa","sativa","3.3"
4571,"michael-phelps-og","hybrid","4.4"
4572,"mickey-kush","sativa","4.6"
4573,"middlefork-x-pineapple-express","sativa","4.9"
4574,"midnight","hybrid","4.4"
4575,"milky-way","indica","4.7"
4576,"mint-chocolate-chip","hybrid","4.6"
4577,"misty-kush","indica","4.4"
4578,"mob-boss","hybrid","4.5"
4579,"moby-dick","sativa","4.3"
4580,"mochi","hybrid","5"
4581,"molokai-frost","indica","4.8"
4582,"money-maker","indica","4.6"
4583,"monkey-paw","hybrid","4.5"
4584,"monolith","indica","5"
4585,"monster-cookies","indica","4.6"
4586,"moondance","sativa","5"
4587,"moonshine-haze","sativa","4.3"
4588,"moose-and-lobsta","sativa","4.9"
4589,"morning-star","hybrid","4.3"
4590,"mossad","indica","3.8"
4591,"mossimo-og","indica","4.5"
4592,"motavation","indica","3.9"
4593,"mother-tongue","sativa","4.4"
4594,"mother-of-berries","indica","4.6"
4595,"mothers-milk","hybrid","4.4"
4596,"mt-cook","indica","5"
4597,"mud-bite","indica","5"
4598,"murkle","indica","2"
4599,"nl5-haze-mist","sativa","4.3"
4600,"nyc-diesel","hybrid","4.2"
4601,"nyc-diesel","hybrid","4.2"
4602,"nypd","sativa","4.2"
4603,"narnia","sativa","4.8"
4604,"nebula","hybrid","4.4"
4605,"nebula-ii-cbd","hybrid","4.4"
4606,"negra-44","indica","5"
4607,"nepalese","sativa","4.4"
4608,"nepalese-jam","hybrid","4"
4609,"neptune-kush","indica","4.3"
4610,"neptune-og","indica","4.4"
4611,"nexus-og","indica","4.8"
4612,"nice-cherry","indica","4.6"
4613,"nicole-kush","indica","4.9"
4614,"night-nurse","indica","4.6"
4615,"night-terror-og","indica","4.6"
4616,"night-train","indica","3.9"
4617,"nightfire-og","sativa","4.3"
4618,"nightmare-cookies","hybrid","4.7"
4619,"nina-limone","sativa","5"
4620,"nordle","indica","4.4"
4621,"north-american-sativa","sativa","4.8"
4622,"north-indian","indica","4"
4623,"northern-lights","indica","4.4"
4624,"northern-lights","indica","4.4"
4625,"northern-skunk","hybrid","4.5"
4626,"northern-wreck","indica","4.8"
4627,"nova","indica","4.9"
4628,"nuclear-cookies","hybrid","4.7"
4629,"nuggetry-og","indica","3.9"
4630,"nuken","indica","4.5"
4631,"nurse-jackie","sativa","4.4"
4632,"oca-gold","indica","4.8"
4633,"ocd","sativa","4.5"
4634,"og-18","hybrid","4.6"
4635,"og-18","hybrid","4.6"
4636,"og-cheese","hybrid","4.4"
4637,"og-chem","hybrid","4.5"
4638,"og-eddy-lepp","indica","4"
4639,"og-kush","hybrid","4.3"
4640,"og-la-affie","indica","4.8"
4641,"og-los-angeles-kush","indica","4.7"
4642,"og-poison","hybrid","4.3"
4643,"og-ringo","hybrid","4.5"
4644,"og-shark","hybrid","4.5"
4645,"og-skunk","hybrid","4.8"
4646,"og-strawberry","hybrid","4.4"
4647,"og-wreck","hybrid","4.3"
4648,"ogiesel","hybrid","4.2"
4649,"obama-kush","indica","4.4"
4650,"odyssey","hybrid","4.3"
4651,"ogre","hybrid","4.1"
4652,"ogre-berry","indica","4.3"
4653,"old-lyme-connecticut-og","hybrid","4.5"
4654,"old-mother-sativa","sativa","4"
4655,"oldtimers-haze","sativa","5"
4656,"omega","hybrid","4.8"
4657,"opal-og-kush","indica","4.5"
4658,"opium","hybrid","4.8"
4659,"or","hybrid","4.4"
4660,"orange-afghani","indica","4.5"
4661,"orange-bud","hybrid","4.3"
4662,"orange-cookies","hybrid","4.6"
4663,"orange-creamsicle","hybrid","4.8"
4664,"orange-crush","hybrid","4.2"
4665,"orange-crush","hybrid","4.2"
4666,"orange-diesel","hybrid","4.4"
4667,"orange-dream","hybrid","4.1"
4668,"orange-durban","sativa","4.8"
4669,"orange-haze","hybrid","4.4"
4670,"orange-juice","hybrid","4.4"
4671,"orange-kush","indica","4.1"
4672,"orange-romulan","indica","4"
4673,"orange-turbo","hybrid","4.3"
4674,"orange-velvet","hybrid","4.3"
4675,"orange-wreck","sativa","3"
4676,"oregon-diesel","indica","4.5"
4677,"oregon-pineapple","hybrid","4.2"
4678,"oregon-pinot-noir","sativa","4.6"
4679,"organic-diesel","hybrid","4.5"
4680,"orient-express","hybrid","4.5"
4681,"ortega","indica","4.8"
4682,"outer-space","sativa","4.7"
4683,"outlaw","sativa","4.5"
4684,"p-51","indica","4.4"
4685,"p-91","hybrid","4.5"
4686,"pvc-og","indica","4.5"
4687,"pacific-blue","indica","5"
4688,"pagoda","sativa","5"
4689,"pakistan-valley-kush","indica","5"
4690,"pakistani-chitral-kush","indica","4.7"
4691,"pamelina","indica","4.8"
4692,"panama-punch","sativa","4.9"
4693,"panama-red","sativa","4.3"
4694,"panda-og","hybrid","4.4"
4695,"papaya","indica","4.2"
4696,"papaya","indica","4.2"
4697,"paris-og","indica","4.6"
4698,"paris-xxx","indica","4.5"
4699,"pennywise","indica","4.5"
4700,"permafrost","hybrid","4.2"
4701,"pestilence","indica","0"
4702,"petrolia-headstash","indica","4.6"
4703,"peyote-cookies","indica","4.9"
4704,"pez","indica","4.3"
4705,"phantom-arrow","indica","5"
4706,"phantom-cookies","hybrid","4.6"
4707,"phantom-og","indica","4.4"
4708,"phatt-frutty","indica","4.5"
4709,"phishhead-kush","indica","5"
4710,"pine-tar-kush","indica","4.5"
4711,"pineapple","hybrid","4.2"
4712,"pineapple-chunk","hybrid","4.5"
4713,"pineapple-cookies","hybrid","4"
4714,"pineapple-diesel","hybrid","4.4"
4715,"pineapple-express","hybrid","4.4"
4716,"pineapple-fields","sativa","4.3"
4717,"pineapple-haze","sativa","4.2"
4718,"pineapple-jack","sativa","4.4"
4719,"pineapple-kush","hybrid","4.2"
4720,"pineapple-og","sativa","4.6"
4721,"pineapple-punch","sativa","4.5"
4722,"pineapple-purps","sativa","4.4"
4723,"pineapple-sage","sativa","5"
4724,"pineapple-skunk","hybrid","4.4"
4725,"pineapple-super-silver-haze","sativa","4.7"
4726,"pineapple-thai","sativa","4"
4727,"pineapple-trainwreck","hybrid","4.1"
4728,"pink-berry","indica","4"
4729,"pink-bubba","indica","4.4"
4730,"pink-champagne","indica","4.8"
4731,"pink-cookies","hybrid","4.5"
4732,"pink-death-star","indica","4.7"
4733,"pink-kush","hybrid","4.5"
4734,"pink-lemonade","hybrid","4.5"
4735,"pink-panther","hybrid","4.4"
4736,"pink-pez","hybrid","4.1"
4737,"pinot-green","sativa","4.2"
4738,"pitbull","indica","4.3"
4739,"platinum-bubba-kush","indica","4.5"
4740,"platinum-gsc","hybrid","4.6"
4741,"platinum-huckleberry-cookies","hybrid","4.8"
4742,"platinum-kush","indica","4.4"
4743,"platinum-og","indica","4.4"
4744,"platinum-purple-kush","indica","4.3"
4745,"plushberry","indica","4.3"
4746,"pluto-kush","indica","3.9"
4747,"poison-haze","sativa","4.1"
4748,"pokie","indica","3.5"
4749,"poochie-love","sativa","4"
4750,"popcorn-kush","indica","4.2"
4751,"pot-of-gold","indica","4.2"
4752,"power-kush","indica","4"
4753,"power-plant","sativa","4.2"
4754,"pre-98-bubba-kush","indica","4.4"
4755,"pre-98-bubba-kush","indica","4.4"
4756,"predator-pink","hybrid","4.7"
4757,"presidential-og","indica","4.5"
4758,"primus","indica","4.7"
4759,"professor-chaos","hybrid","4.6"
4760,"puna-buddaz","indica","5"
4761,"puna-budder","hybrid","4.8"
4762,"punky-lion","indica","4.5"
4763,"pure-afghan","indica","4.7"
4764,"pure-kush","indica","4.4"
4765,"pure-love","indica","4.8"
4766,"pure-og","indica","4.1"
4767,"pure-power-plant","hybrid","4.4"
4768,"purple-ak-47","hybrid","4.3"
4769,"purple-afghani","indica","4.2"
4770,"purple-arrow","hybrid","4.2"
4771,"purple-aurora","hybrid","5"
4772,"purple-berry","indica","4.4"
4773,"purple-bubba","indica","4.4"
4774,"purple-bud","indica","4.2"
4775,"purple-buddha","indica","4.4"
4776,"purple-bush","indica","4.8"
4777,"purple-candy","indica","4.4"
4778,"purple-champagne","sativa","4.4"
4779,"purple-cheddar","indica","4.5"
4780,"purple-cheese","hybrid","4.3"
4781,"purple-chemdawg","indica","4.5"
4782,"purple-cotton-candy","indica","4.6"
4783,"purple-cow","sativa","4.5"
4784,"purple-crack","hybrid","4.3"
4785,"purple-cream","indica","4.3"
4786,"purple-diesel","hybrid","4.2"
4787,"purple-dog-shit","hybrid","4.8"
4788,"purple-dragon","indica","4.3"
4789,"purple-dream","hybrid","4.4"
4790,"purple-elephant","indica","4.2"
4791,"purple-frost","hybrid","0"
4792,"purple-goo","indica","4.5"
4793,"purple-gorilla","hybrid","4.3"
4794,"purple-hashplant","hybrid","4.2"
4795,"purple-haze","sativa","4.3"
4796,"purple-headband","hybrid","4.3"
4797,"purple-hindu-kush","indica","4.6"
4798,"purple-ice","hybrid","4.4"
4799,"purple-jack","hybrid","4.3"
4800,"purple-jolly-rancher","indica","4.4"
4801,"purple-kush","indica","4.3"
4802,"purple-linda","indica","5"
4803,"purple-martian-kush","indica","4.5"
4804,"purple-maui","hybrid","4.1"
4805,"purple-monkey-balls","indica","4.6"
4806,"purple-nepal","indica","4.2"
4807,"purple-og-kush","indica","4.4"
4808,"purple-pantera","hybrid","4.8"
4809,"purple-panty-dropper","indica","4.3"
4810,"purple-passion","indica","4.4"
4811,"purple-people-eater","indica","4.1"
4812,"purple-pinecone","indica","4.6"
4813,"purple-power","sativa","4.4"
4814,"purple-princess","hybrid","4.2"
4815,"purple-punch","indica","4.6"
4816,"purple-rhino","hybrid","4.8"
4817,"purple-skunk","hybrid","4.3"
4818,"purple-sour-diesel","hybrid","4.3"
4819,"purple-star","indica","4.6"
4820,"purple-swish","indica","5"
4821,"purple-tangie","sativa","4.5"
4822,"purple-thai","sativa","4.6"
4823,"purple-tonic","indica","3.2"
4824,"purple-trainwreck","hybrid","4.2"
4825,"purple-urkle","indica","4.4"
4826,"purple-voodoo","hybrid","4.4"
4827,"purple-widow","hybrid","4.6"
4828,"purple-wreck","indica","4.3"
4829,"q3","sativa","3.6"
4830,"qleaner","hybrid","4.4"
4831,"qrazy-train","hybrid","4.3"
4832,"quantum-kush","sativa","4.7"
4833,"querkle","indica","4.3"
4834,"quin-n-tonic","indica","4.6"
4835,"quin-n-tonic","indica","4.6"
4836,"qush","indica","4.5"
4837,"rafael","sativa","5"
4838,"rainbow-jones","indica","5"
4839,"rare-darkness","indica","0"
4840,"raspberry-cough","sativa","4.4"
4841,"raspberry-kush","indica","4.2"
4842,"ray-charles","indica","4.5"
4843,"rebel-god-smoke","sativa","5"
4844,"reclining-buddha","indica","4.9"
4845,"recon","indica","4.2"
4846,"red-congolese","sativa","4.6"
4847,"red-dragon","hybrid","4.2"
4848,"red-dwarf","indica","4.3"
4849,"red-eye-og","indica","4.4"
4850,"red-haze","sativa","4.3"
4851,"red-headed-stranger","sativa","4.5"
4852,"red-poison","hybrid","4.7"
4853,"red-widow","hybrid","3.2"
4854,"redding-og","hybrid","4.3"
4855,"redwood-kush","indica","4.4"
4856,"remedy","indica","4.6"
4857,"rene","hybrid","4.3"
4858,"richie-rich","hybrid","4.3"
4859,"ridge-berry","sativa","5"
4860,"rigger-kush","indica","0"
4861,"rip-city-purps","indica","4.2"
4862,"ripped-bubba","hybrid","4.2"
4863,"robert-plant","sativa","4.5"
4864,"rockbud","indica","4.2"
4865,"rocklock","indica","4.6"
4866,"rockstar","indica","4.3"
4867,"rockstar-kush","indica","4.2"
4868,"rockstar-master-kush","indica","4.2"
4869,"rocky-mountain-blueberry","indica","4.6"
4870,"rocky-mountain-high","hybrid","4.3"
4871,"rollex-og-kush","indica","4.7"
4872,"romping-goddess","hybrid","4"
4873,"romulan","indica","4.2"
4874,"romulan-grapefruit","hybrid","4.3"
4875,"romulan-haze","hybrid","4.5"
4876,"root-beer-kush","sativa","3.8"
4877,"rose-bud","indica","4.2"
4878,"royal-chemdawg","hybrid","4.3"
4879,"royal-dwarf","hybrid","4.4"
4880,"royal-haze","sativa","4.6"
4881,"royal-highness","hybrid","4.8"
4882,"royal-kush","hybrid","4.2"
4883,"rudeboi-og","hybrid","4.8"
4884,"rug-burn-og","hybrid","4.4"
4885,"russian-assassin","indica","4.9"
4886,"russian-rocket-fuel","hybrid","4.1"
4887,"sage","hybrid","4.2"
4888,"sfv-og","hybrid","4.4"
4889,"sfv-og-kush","indica","4.5"
4890,"sage-n-sour","sativa","4.2"
4891,"salmon-river-og","indica","4.4"
4892,"santa-maria","sativa","4.4"
4893,"santa-sativa","sativa","4.3"
4894,"sapphire-scout","hybrid","4.6"
4895,"sapphire-star","hybrid","4.5"
4896,"satellite-og","indica","4.9"
4897,"satori","hybrid","4.1"
4898,"saturn-og","hybrid","4.5"
4899,"schrom","sativa","4.3"
4900,"scouts-honor","hybrid","5"
4901,"seattle-blue","indica","4.5"
4902,"seattle-cough","sativa","4.7"
4903,"secret-garden-og","indica","5"
4904,"sensi-skunk","indica","4.4"
4905,"sensi-star","indica","4.1"
4906,"sequoia-strawberry","sativa","4.4"
4907,"serious-6","sativa","3.8"
4908,"serious-happiness","hybrid","4.4"
4909,"sexxpot","indica","4.1"
4910,"shaman","sativa","4.2"
4911,"shark-attack","indica","4.2"
4912,"shark-bite","hybrid","4.1"
4913,"shark-shock","indica","4.2"
4914,"sharks-breath","hybrid","4.4"
4915,"shining-silver-haze","sativa","4.8"
4916,"shipwreck","sativa","4.5"
4917,"shishkaberry","indica","4.3"
4918,"shiva-skunk","indica","4.2"
4919,"shoreline","hybrid","4.4"
4920,"silver-back","hybrid","4"
4921,"silver-bubble","hybrid","4.5"
4922,"silver-haze","sativa","4.2"
4923,"silver-kush","sativa","4.4"
4924,"silver-pearl","hybrid","4.3"
4925,"silver-surfer","hybrid","4.3"
4926,"silver-train","sativa","4.7"
4927,"silverback-gorilla","indica","4.5"
4928,"silverhawks-og","sativa","5"
4929,"sin-city-kush","indica","4.9"
4930,"sin-valley-og","hybrid","4.5"
4931,"sinmint-cookies","hybrid","4.6"
4932,"sinai","sativa","4.8"
4933,"sirius-black","indica","4.6"
4934,"skins-skunk","hybrid","5"
4935,"skunk-47","indica","4.3"
4936,"skunk-dawg","sativa","4.4"
4937,"skunk-haze","hybrid","4.1"
4938,"skunkberry","hybrid","4.5"
4939,"skunky-diesel","hybrid","4.2"
4940,"skydog","indica","4.5"
4941,"skywalker","indica","4.3"
4942,"skywalker-og","hybrid","4.5"
4943,"slazerbeam","sativa","4.6"
4944,"sleeskunk","sativa","4.2"
4945,"sleestack","sativa","4.3"
4946,"slimer-og","hybrid","4.6"
4947,"smelliot","hybrid","5"
4948,"snoop-dogg-og","indica","4.6"
4949,"snow-diesel","hybrid","3.4"
4950,"snow-leopard","indica","4.6"
4951,"snow-lotus","hybrid","4.6"
4952,"snow-monster","indica","4.3"
4953,"snow-mountain","indica","4"
4954,"snow-ryder","indica","4"
4955,"snow-white","hybrid","4.3"
4956,"snowland","hybrid","4.5"
4957,"snowcap","hybrid","4.1"
4958,"sojay-haze","sativa","4.8"
4959,"somango","indica","4.3"
4960,"sonic-screwdriver","sativa","4.5"
4961,"sonoma-coma","sativa","4.5"
4962,"sorcerers-apprentice","hybrid","5"
4963,"soul-assassin-og","hybrid","4.5"
4964,"soul-shine","hybrid","4.1"
4965,"soulshine-aloha","indica","0"
4966,"sour-alien","hybrid","4.3"
4967,"sour-amnesia","sativa","4.6"
4968,"sour-ape","indica","4.2"
4969,"sour-apple","hybrid","4.2"
4970,"sour-banana-sherbet","hybrid","4.7"
4971,"sour-breath","sativa","4"
4972,"sour-bubba","indica","4.5"
4973,"sour-bubble","indica","4.6"
4974,"sour-candy","hybrid","4.5"
4975,"sour-chocolate","sativa","3.9"
4976,"sour-cookies","hybrid","4.4"
4977,"sour-cream","hybrid","4.3"
4978,"sour-diesel","sativa","4.4"
4979,"sour-dream","hybrid","4.4"
4980,"sour-dubble","hybrid","4.9"
4981,"sour-flower","sativa","4.3"
4982,"sour-grape","hybrid","4.2"
4983,"sour-haze","sativa","4.5"
4984,"sour-headband","hybrid","4.4"
4985,"sour-jack","sativa","4.5"
4986,"sour-jilly","hybrid","4.8"
4987,"sour-joker","sativa","4.7"
4988,"sour-kush","hybrid","4.3"
4989,"sour-lsd","hybrid","4.3"
4990,"sour-lemon-og","hybrid","4.6"
4991,"sour-maui","sativa","4.7"
4992,"sour-og","hybrid","4.4"
4993,"sour-patch-kiss","hybrid","4.7"
4994,"sour-pebbles","sativa","4.6"
4995,"sour-poison","sativa","4.6"
4996,"sour-power","hybrid","4.7"
4997,"sour-spyder","indica","5"
4998,"sour-strawberry-diesel","hybrid","4.6"
4999,"sour-sunset","hybrid","4.7"
5000,"sour-tangie","sativa","4.6"
5001,"sour-tsunami","hybrid","4.4"
5002,"sour-urkle","hybrid","4.6"
5003,"sour-willie","sativa","4.5"
5004,"sourlope","sativa","4.6"
5005,"south-american","sativa","4"
5006,"south-asian-sativa","sativa","0"
5007,"south-central-la","indica","4.8"
5008,"south-indian-indica","indica","3.8"
5009,"southern-lights","sativa","3.5"
5010,"space-bomb","hybrid","4.3"
5011,"space-candy","hybrid","4.6"
5012,"space-dawg","indica","4.2"
5013,"space-jill","sativa","3.7"
5014,"space-monster","indica","4.3"
5015,"space-needle","sativa","3.7"
5016,"space-queen","hybrid","4.4"
5017,"special-k","hybrid","4.5"
5018,"spirit-of-76","hybrid","4.6"
5019,"sputnik","sativa","4.5"
5020,"star-berry","indica","4.6"
5021,"star-killer","indica","4.5"
5022,"star-master-kush","indica","4.7"
5023,"starbud","indica","4.6"
5024,"stardawg","hybrid","4.5"
5025,"stardawg-guava","sativa","4.6"
5026,"starfighter","hybrid","4.1"
5027,"stella-blue","sativa","4.6"
5028,"stephen-hawking-kush","indica","4.6"
5029,"stevie-wonder","hybrid","4.6"
5030,"strawberry","sativa","4.4"
5031,"strawberry-alien-kush","hybrid","4"
5032,"strawberry-amnesia","sativa","4.5"
5033,"strawberry-banana","hybrid","4.5"
5034,"strawberry-blue","sativa","4.2"
5035,"strawberry-cheesecake","indica","4.4"
5036,"strawberry-cough","sativa","4.3"
5037,"strawberry-diesel","hybrid","4.3"
5038,"strawberry-dream","hybrid","4.4"
5039,"strawberry-durban-diesel","sativa","4.4"
5040,"strawberry-fields","indica","4.6"
5041,"strawberry-frost","indica","5"
5042,"strawberry-ice","sativa","4.8"
5043,"strawberry-kush","hybrid","4.2"
5044,"strawberry-lemonade","sativa","4.3"
5045,"strawberry-mango-haze","sativa","4.6"
5046,"strawberry-milkshake","hybrid","4.4"
5047,"strawberry-og","hybrid","4.2"
5048,"strawberry-satori","sativa","4.5"
5049,"sublime","sativa","4.2"
5050,"sugar-black-rose","indica","4.5"
5051,"sugar-cookie","hybrid","4.3"
5052,"sugar-kush","indica","4.1"
5053,"sugar-mama","indica","4.8"
5054,"sugar-pine","hybrid","0"
5055,"sugar-plum","sativa","4.5"
5056,"sugar-shack","hybrid","4.6"
5057,"summertime-squeeze","sativa","4.9"
5058,"sumo-grande","sativa","4.5"
5059,"sun-ra","sativa","4.7"
5060,"sun-ra","sativa","4.7"
5061,"sunburn","sativa","4.6"
5062,"sunset-sherbert","hybrid","4.6"
5063,"sunshine","sativa","4.7"
5064,"sunshine-daydream","indica","4.4"
5065,"supa-don","sativa","4.5"
5066,"super-chronic","indica","4.8"
5067,"super-blue-dream","hybrid","4.3"
5068,"super-bud","indica","4.1"
5069,"super-cat-piss","sativa","4"
5070,"super-cheese","indica","4.5"
5071,"super-g","sativa","4.5"
5072,"super-green-crack","sativa","4.5"
5073,"super-jack","sativa","4.5"
5074,"super-kush","indica","4.2"
5075,"super-lemon-haze","sativa","4.4"
5076,"super-lemon-og","hybrid","4.4"
5077,"super-silver-haze","sativa","4.4"
5078,"super-skunk","indica","4.2"
5079,"super-snow-dog","sativa","4.5"
5080,"super-sour-diesel","sativa","4.5"
5081,"super-sour-og","hybrid","4.6"
5082,"super-sour-skunk","hybrid","4.5"
5083,"super-sour-widow","hybrid","4.7"
5084,"supergirl","indica","4.5"
5085,"superglue","hybrid","4.7"
5086,"superman-og","indica","4.3"
5087,"supermax-og","hybrid","4.9"
5088,"supernatural","sativa","4.4"
5089,"superstar","hybrid","4"
5090,"suzy-q","hybrid","4.3"
5091,"swazi-gold","sativa","3.7"
5092,"sweet-baby-jane","indica","4.3"
5093,"sweet-berry","hybrid","4.2"
5094,"sweet-black-angel","indica","4.7"
5095,"sweet-cheese","sativa","4.3"
5096,"sweet-deep-grapefruit","indica","4"
5097,"sweet-diesel","sativa","4.1"
5098,"sweet-dreams","hybrid","4.3"
5099,"sweet-jane","sativa","4.6"
5100,"sweet-kush","hybrid","4.4"
5101,"sweet-lafayette","indica","3.6"
5102,"sweet-skunk","hybrid","4.2"
5103,"sweet-tooth","indica","4.2"
5104,"sweet-and-sour-widow","indica","4.5"
5105,"swiss-bliss","hybrid","4"
5106,"swiss-gold","sativa","4.6"
5107,"swiss-sativa","sativa","4.5"
5108,"swiss-tsunami","sativa","4.8"
5109,"thc-bomb","hybrid","4.2"
5110,"tahoe-alien","hybrid","4.5"
5111,"tahoe-og","hybrid","4.4"
5112,"taliban-poison","indica","3.7"
5113,"tangelo-kush","hybrid","4"
5114,"tangerine","hybrid","4.2"
5115,"tangerine-dream","hybrid","4.4"
5116,"tangerine-haze","hybrid","4.5"
5117,"tangerine-kush","indica","4.1"
5118,"tangerine-man","sativa","4.8"
5119,"tangerine-power","hybrid","4.4"
5120,"tangerine-sunrise","sativa","4.8"
5121,"tangerine-trainwreck-haze","sativa","5"
5122,"tangie","sativa","4.5"
5123,"tangie-ghost-train","sativa","4.7"
5124,"tangilope","sativa","4.6"
5125,"tardis","sativa","5"
5126,"tembo-kush","hybrid","4.5"
5127,"terminator-og","indica","4.7"
5128,"tesla","hybrid","4.7"
5129,"tesla-tower","sativa","4.8"
5130,"thai","sativa","4.2"
5131,"thai-girl","hybrid","4"
5132,"thai-haze","sativa","4.3"
5133,"thai-lights","hybrid","4.7"
5134,"thai-tanic","sativa","4"
5135,"thai-tanic","sativa","4"
5136,"thaidal-wave","hybrid","3.8"
5137,"the-black","indica","4.4"
5138,"the-blintz","hybrid","5"
5139,"the-blood","sativa","4.6"
5140,"the-cough","sativa","4.5"
5141,"the-doctor","indica","4.4"
5142,"the-flav","hybrid","4.2"
5143,"the-fork","sativa","0"
5144,"the-ox","indica","4.8"
5145,"the-one","hybrid","4.9"
5146,"the-ooze","indica","5"
5147,"the-sauce","hybrid","4.8"
5148,"the-sister","indica","4.3"
5149,"the-third-dimension","hybrid","4.5"
5150,"the-truth","hybrid","4.6"
5151,"the-void","hybrid","4.5"
5152,"the-white","hybrid","4.6"
5153,"the-wife","hybrid","4.9"
5154,"thin-mint","hybrid","4.6"
5155,"thors-hammer","sativa","4.3"
5156,"throwback-kush","indica","4.3"
5157,"thunderbird-rose","sativa","4.8"
5158,"thunderstruck","sativa","4.9"
5159,"tiger-woods","hybrid","4.1"
5160,"tigers-milk","indica","4.6"
5161,"tigermelon","indica","3"
5162,"tillamook-strawberry","hybrid","4.7"
5163,"timewreck","sativa","4.4"
5164,"tina-danza","hybrid","4.6"
5165,"tokyo-og","hybrid","4.6"
5166,"tonics-web","indica","0"
5167,"tora-bora","indica","4.5"
5168,"toxic","hybrid","4.5"
5169,"training-day","indica","4.5"
5170,"trainwreck","hybrid","4.2"
5171,"tranquil-elephantizer-remix","indica","4.3"
5172,"transformer","hybrid","4"
5173,"trash","hybrid","4.7"
5174,"treasure-island","hybrid","4.7"
5175,"tree-of-life","hybrid","4.9"
5176,"tres-dawg","hybrid","4.5"
5177,"triangle-kush","indica","4.5"
5178,"trident","hybrid","4.3"
5179,"trinity","sativa","4.3"
5180,"triple-diesel","sativa","4.2"
5181,"trix","sativa","4.9"
5182,"tropic-thunder","hybrid","4.6"
5183,"tropical-tang","hybrid","4.5"
5184,"tropicali","hybrid","4.4"
5185,"true-og","indica","4.4"
5186,"true-x","indica","3"
5187,"truffle-butter","indica","4.5"
5188,"truth-serum","hybrid","4.3"
5189,"tuna-kush","indica","4.5"
5190,"turbo-mind-warp","hybrid","4.5"
5191,"tutankhamon","sativa","4.6"
5192,"tutti-frutti","hybrid","4.2"
5193,"twista","sativa","4.2"
5194,"twisted-citrus","sativa","4.5"
5195,"tyson","indica","4.8"
5196,"u2-kush","indica","4.1"
5197,"uk-cheese","hybrid","4.2"
5198,"uw","indica","4.3"
5199,"ultimate-trainwreck","sativa","4.4"
5200,"ultra-banana","indica","5"
5201,"ultra-sonja","hybrid","4.6"
5202,"ultra-sour","sativa","4.8"
5203,"ultraviolet-og","indica","4.7"
5204,"vcdc","hybrid","4.5"
5205,"vader-og","indica","4.5"
5206,"valentine-x","hybrid","4.4"
5207,"valley-girl","hybrid","4.7"
5208,"vanilla-kush","indica","4.3"
5209,"vanilluna","hybrid","4.8"
5210,"velvet-bud","sativa","3.9"
5211,"venice-og","sativa","4.3"
5212,"venom-og","hybrid","4.4"
5213,"venus-og","hybrid","4.8"
5214,"very-berry-haze","sativa","4"
5215,"violator-kush","indica","4.3"
5216,"violet-delight","hybrid","4.4"
5217,"viper","sativa","4.5"
5218,"voodoo","sativa","4.2"
5219,"vortex","sativa","4.3"
5220,"wmd","indica","4.9"
5221,"wsu","indica","4.4"
5222,"waldo","hybrid","4"
5223,"walker-kush","hybrid","4.8"
5224,"walrus-kush","hybrid","4.3"
5225,"wappa","hybrid","4.3"
5226,"warlock","hybrid","3.9"
5227,"washing-machine","indica","5"
5228,"watermelon","indica","4.5"
5229,"webster","sativa","4.5"
5230,"wedding-cake","hybrid","4.7"
5231,"wembley","indica","4"
5232,"west-coast-dawg","indica","4.8"
5233,"west-og","indica","3.6"
5234,"wet-dream","sativa","4.4"
5235,"whitaker-blues","indica","4.2"
5236,"white-bastard","indica","4.4"
5237,"white-berry","indica","4.1"
5238,"white-bubblegum","indica","5"
5239,"white-buffalo","sativa","4.5"
5240,"white-cheese","hybrid","4.2"
5241,"white-cookies","hybrid","4.3"
5242,"white-dawg","hybrid","4.2"
5243,"white-diesel","hybrid","4.2"
5244,"white-dragon","indica","4.2"
5245,"white-durban","sativa","4.6"
5246,"white-elephant","hybrid","4.4"
5247,"white-empress","indica","4.4"
5248,"white-fire-43","indica","4.7"
5249,"white-gold","hybrid","4.7"
5250,"white-gorilla","hybrid","4.7"
5251,"white-haze","sativa","4"
5252,"white-kryptonite","indica","4.5"
5253,"white-kush","indica","4.5"
5254,"white-lavender","hybrid","4.2"
5255,"white-lightning","hybrid","4.4"
5256,"white-lotus","hybrid","4.2"
5257,"white-nightmare","sativa","4.7"
5258,"white-og","indica","4.5"
5259,"white-queen","hybrid","4.6"
5260,"white-rhino","indica","4.2"
5261,"white-romulan","hybrid","4.3"
5262,"white-russian","hybrid","4.3"
5263,"white-siberian","hybrid","4.5"
5264,"white-skunk","hybrid","4.4"
5265,"white-tygh-dream","indica","5"
5266,"white-urkle","hybrid","4.6"
5267,"white-walker-kush","hybrid","4.2"
5268,"white-widow","hybrid","4.3"
5269,"white-zombie","hybrid","4"
5270,"whiteout","hybrid","4.6"
5271,"whitewalker-og","indica","4.7"
5272,"wild-thailand","sativa","3.8"
5273,"willie-nelson","sativa","4.3"
5274,"willy-wonka","sativa","4.5"
5275,"wonder-haze","hybrid","4.2"
5276,"wonder-kid","indica","4.7"
5277,"wonder-woman","hybrid","4.4"
5278,"wonderwoman-og","indica","4"
5279,"woody-kush","indica","4.3"
5280,"wookie","hybrid","5"
5281,"wreckage","hybrid","4.5"
5282,"x-wing","indica","4.3"
5283,"x-tra-chz","hybrid","4"
5284,"xj-13","hybrid","4.3"
5285,"xxx-420","indica","4.3"
5286,"xxx-og","indica","4.5"
5287,"xanadu","sativa","4.8"
5288,"y-griega","sativa","4.8"
5289,"yeti-og","indica","4.6"
5290,"yoda-og","indica","4.5"
5291,"yumboldt","indica","4.2"
5292,"yummy","hybrid","4.2"
5293,"zamaldelica","sativa","5"
5294,"zen","hybrid","4.3"
5295,"zeta-sage","sativa","4.5"
5296,"zkittlez","indica","4.6"
5297,"zombie-kush","indica","5"
5298,"zombie-og","indica","4.4"
5299,"zoom-pie","indica","4.6"
5300,"acid",NULL,NULL
5301,"afgahni-bullrider",NULL,NULL
5302,"arjans-strawberry-haze",NULL,NULL
5303,"avi-dekel",NULL,NULL
5304,"bsc",NULL,NULL
5305,"balmoral",NULL,NULL
5306,"banana-cream-og",NULL,NULL
5307,"berry-og",NULL,NULL
5308,"big-smooth",NULL,NULL
5309,"birthday-cake-kush",NULL,NULL
5310,"black-84",NULL,NULL
5311,"black-haze",NULL,NULL
5312,"black-tuna",NULL,NULL
5313,"blue-boy",NULL,NULL
5314,"blue-champange",NULL,NULL
5315,"blue-kush",NULL,NULL
5316,"blue-moon-rocks",NULL,NULL
5317,"blue-zkittlez",NULL,NULL
5318,"blueberry-muffins",NULL,NULL
5319,"blueberry-silvertip",NULL,NULL
5320,"blurple",NULL,NULL
5321,"boggle-gum",NULL,NULL
5322,"booger",NULL,NULL
5323,"bordello",NULL,NULL
5324,"boss-hogg",NULL,NULL
5325,"bruce-banner-3",NULL,NULL
5326,"bubbas-gift",NULL,NULL
5327,"buddhas-sister",NULL,NULL
5328,"cbd-blue-shark",NULL,NULL
5329,"cannatonic",NULL,NULL
5330,"captains-cake",NULL,NULL
5331,"carl-sagan",NULL,NULL
5332,"champagne-kush",NULL,NULL
5333,"chemwreck",NULL,NULL
5334,"chemdawg-4",NULL,NULL
5335,"chemdawg-91",NULL,NULL
5336,"chemdawg-sour-diesel",NULL,NULL
5337,"cherry-sherbet",NULL,NULL
5338,"cinderellas-dream",NULL,NULL
5339,"cindy-white",NULL,NULL
5340,"citrus-sunshine-haze",NULL,NULL
5341,"clementine-kush",NULL,NULL
5342,"cloud-9",NULL,NULL
5343,"colorado-chem",NULL,NULL
5344,"cookies-and-cream",NULL,NULL
5345,"cowboy-kush",NULL,NULL
5346,"crimea-blue",NULL,NULL
5347,"critical-plus",NULL,NULL
5348,"crunch-berry-kush",NULL,NULL
5349,"dark-blue-dream",NULL,NULL
5350,"dawgs-waltz",NULL,NULL
5351,"dog-shit",NULL,NULL
5352,"donegal",NULL,NULL
5353,"dopium",NULL,NULL
5354,"dr-grinspoon",NULL,NULL
5355,"dr-who",NULL,NULL
5356,"dragons-breath",NULL,NULL
5357,"dutch-treat-haze",NULL,NULL
5358,"dutchberry",NULL,NULL
5359,"elmers-glue",NULL,NULL
5360,"forbidden-fruit",NULL,NULL
5361,"franks-gift",NULL,NULL
5362,"fruit-loops",NULL,NULL
5363,"fruit-spirit",NULL,NULL
5364,"gg-1",NULL,NULL
5365,"gg-4",NULL,NULL
5366,"gg-5",NULL,NULL
5367,"gsc",NULL,NULL
5368,"gas-mask",NULL,NULL
5369,"ghost-cookies",NULL,NULL
5370,"ghost-train-haze",NULL,NULL
5371,"glad-max",NULL,NULL
5372,"gods-gift",NULL,NULL
5373,"gods-green-crack",NULL,NULL
5374,"godzilla-glue",NULL,NULL
5375,"golden-lemon",NULL,NULL
5376,"golden-panda",NULL,NULL
5377,"golden-ticket",NULL,NULL
5378,"grand-hustle",NULL,NULL
5379,"guava-kush",NULL,NULL
5380,"haole",NULL,NULL
5381,"hemlock",NULL,NULL
5382,"hogs-breath",NULL,NULL
5383,"i-95",NULL,NULL
5384,"irene-kush",NULL,NULL
5385,"jah-kush",NULL,NULL
5386,"jean-guy",NULL,NULL
5387,"jenny-kush",NULL,NULL
5388,"jesus",NULL,NULL
5389,"khalifa-kush",NULL,NULL
5390,"kings-bread",NULL,NULL
5391,"la-kush",NULL,NULL
5392,"lamb-s-bread",NULL,NULL
5393,"larry-bird-kush",NULL,NULL
5394,"lavender-jones",NULL,NULL
5395,"lemon-og-haze",NULL,NULL
5396,"lemon-walker-og",NULL,NULL
5397,"liberty-haze",NULL,NULL
5398,"lime-green-skunk",NULL,NULL
5399,"love-potion",NULL,NULL
5400,"lowryder",NULL,NULL
5401,"mag-landrace",NULL,NULL
5402,"master-skunk",NULL,NULL
5403,"maui-bubble-gift",NULL,NULL
5404,"medibud",NULL,NULL
5405,"middlefork",NULL,NULL
5406,"monster-og",NULL,NULL
5407,"montana-silvertip",NULL,NULL
5408,"mothers-helper",NULL,NULL
5409,"mr-nice",NULL,NULL
5410,"mt-hood-magic",NULL,NULL
5411,"nevilles-haze",NULL,NULL
5412,"ninja-fruit",NULL,NULL
5413,"northernberry",NULL,NULL
5414,"northern-lights--5",NULL,NULL
5415,"northern-lights-5-x-haze",NULL,NULL
5416,"og-diesel-kush",NULL,NULL
5417,"orange-skunk",NULL,NULL
5418,"pandoras-box",NULL,NULL
5419,"papas-og",NULL,NULL
5420,"peaches-and-cream",NULL,NULL
5421,"pearl-scout-cookies",NULL,NULL
5422,"peppermint-cookies",NULL,NULL
5423,"pie-face-og",NULL,NULL
5424,"platinum-wreck",NULL,NULL
5425,"purple-alien-og",NULL,NULL
5426,"purple-mr-nice",NULL,NULL
5427,"race-fuel-og",NULL,NULL
5428,"rainbow",NULL,NULL
5429,"rare-dankness-1",NULL,NULL
5430,"raskal-og",NULL,NULL
5431,"red-cherry-berry",NULL,NULL
5432,"red-diesel",NULL,NULL
5433,"ringos-gift",NULL,NULL
5434,"rolls-choice",NULL,NULL
5435,"rubicon",NULL,NULL
5436,"scooby-snack",NULL,NULL
5437,"scotts-og",NULL,NULL
5438,"secret-recipe",NULL,NULL
5439,"shiatsu-kush",NULL,NULL
5440,"skunk-1",NULL,NULL
5441,"skywalker-alien",NULL,NULL
5442,"snoop-s-dream",NULL,NULL
5443,"snow-bud",NULL,NULL
5444,"sour-chees",NULL,NULL
5445,"star-tonic",NULL,NULL
5446,"sugar-punch",NULL,NULL
5447,"sunshine-4",NULL,NULL
5448,"supernova",NULL,NULL
5449,"the-grunk",NULL,NULL
5450,"hog",NULL,NULL
5451,"think-different",NULL,NULL
5452,"triple-cheese",NULL,NULL
5453,"urkle-train-haze",NULL,NULL
5454,"verde-electric",NULL,NULL
5455,"versace",NULL,NULL
5456,"walter-white",NULL,NULL
5457,"white-99",NULL,NULL
5458,"white-fire-alien-og",NULL,NULL
5459,"white-fire-og",NULL,NULL
5460,"white-tahoe-cookies",NULL,NULL
5461,"willys-wonder",NULL,NULL
5462,"wonka-s-bubbilicious",NULL,NULL
5463,"wookies",NULL,NULL
5464,"zeus-og",NULL,NULL
